<configs>

<!-- Steel Ammunition -->
	
<append xpath="/items">
	<item name="resourceBulletCasingSteel">
		<property name="Extends" value="resourceBulletCasing"/>
		<property name="CustomIcon" value="resourceBulletCasing"/><property name="CustomIconTint" value="a0a0ff"/>
		<property name="Material" value="MresourceScrapIron"/>
		<property name="Stacknumber" value="500"/> <!-- STK resource -->
		<property name="EconomicValue" value="10"/>
		<property name="EconomicBundleSize" value="10"/>
		<property name="Group" value="Resources,Ammo/Weapons"/>
		<property name="CraftingSkillGroup" value="craftSkillGuns"/>
	</item>

	<item name="ammo9mmBulletSteel">
		<property name="Extends" value="ammo9mmBulletBall"/>
		<property name="CustomIcon" value="ammo9mmBulletBall"/><property name="CustomIconTint" value="a0a0ff"/>
		<property name="DisplayType" value="ammoBulletSteel"/>
		<property name="Material" value="Msteel"/>
		<property name="EconomicValue" value="8"/>
		<property name="DescriptionKey" value="ammoSteelCasedGroupDesc"/>
		<effect_group name="ammo9mmBulletSteel" tiered="false">
			<passive_effect name="EntityDamage" operation="base_set" value="35"/>
			<passive_effect name="BlockDamage" operation="base_set" value="6"/>
			<passive_effect name="DegradationPerUse" operation="perc_add" value="0.1"/>
			<passive_effect name="DamageModifier" operation="perc_add" value="-.8" tags="earth"/>
			<passive_effect name="DamageModifier" operation="perc_add" value="2" tags="wood"/>
			<passive_effect name="DamageModifier" operation="perc_add" value="3" tags="head"/>
		</effect_group>
	</item>
	
	<item name="ammo44MagnumBulletSteel">
		<property name="Extends" value="ammo44MagnumBulletBall"/>
		<property name="CustomIcon" value="ammo44MagnumBulletBall"/><property name="CustomIconTint" value="a0a0ff"/>
		<property name="DisplayType" value="ammoBulletSteel"/>
		<property name="Material" value="Msteel"/>
		<property name="EconomicValue" value="9"/>
		<property name="DescriptionKey" value="ammoSteelCasedGroupDesc"/>
		<effect_group name="ammo44MagnumBulletSteel" tiered="false">
			<passive_effect name="EntityDamage" operation="base_set" value="65"/>
			<passive_effect name="BlockDamage" operation="base_set" value="10"/>
			<passive_effect name="DegradationPerUse" operation="perc_add" value="0.1"/>
			<passive_effect name="DamageModifier" operation="perc_add" value="3" tags="head"/>
		</effect_group>
	</item>
	
	<item name="ammo762mmBulletFMJSteel">
		<property name="Extends" value="ammo762mmBulletBall"/>
		<property name="CustomIcon" value="ammo762mmBulletBall"/><property name="CustomIconTint" value="a0a0ff"/>
		<property name="DisplayType" value="ammoBulletSteel"/>
		<property name="Material" value="Msteel"/>
		<property name="EconomicValue" value="10"/>
		<property name="DescriptionKey" value="ammoSteelCasedGroupDesc"/>
		<effect_group name="ammo762mmBulletFMJSteel" tiered="false">
			<passive_effect name="EntityDamage" operation="base_set" value="75"/>
			<passive_effect name="BlockDamage" operation="base_set" value="7"/>
			<passive_effect name="DegradationPerUse" operation="perc_add" value="0.1"/>
			<passive_effect name="DamageModifier" operation="perc_add" value="-.9" tags="earth"/>
			<passive_effect name="DamageModifier" operation="perc_add" value="2" tags="wood"/>
			<passive_effect name="DamageModifier" operation="perc_add" value="3" tags="head"/>
		</effect_group>
	</item>
</append>

	<!-- Adjusting Ammo Compatibility for the weapons. -->

	<set xpath="/items/item[@name='gunAK47']/property[@class='Action0']/property[@name='Magazine_items']/@value">ammo762mmBulletBall,ammo762mmBulletHP,ammo762mmBulletAP,ammo762mmBulletFMJSteel</set>

	<set xpath="/items/item[@name='gunMR10']/property[@class='Action0']/property[@name='Magazine_items']/@value">ammo762mmBulletBall,ammo762mmBulletHP,ammo762mmBulletAP,ammo762mmBulletFMJSteel</set>

	<set xpath="/items/item[@name='gunHuntingRifle']/property[@class='Action0']/property[@name='Magazine_items']/@value">ammo762mmBulletBall,ammo762mmBulletHP,ammo762mmBulletAP,ammo762mmBulletFMJSteel</set>

	<set xpath="/items/item[@name='gunM60']/property[@class='Action0']/property[@name='Magazine_items']/@value">ammo762mmBulletBall,ammo762mmBulletHP,ammo762mmBulletAP,ammo762mmBulletFMJSteel</set>

	<set xpath="/items/item[@name='gunPistol']/property[@class='Action0']/property[@name='Magazine_items']/@value">ammo9mmBulletBall,ammo9mmBulletHP,ammo9mmBulletAP,ammo9mmBulletSteel</set>

	<set xpath="/items/item[@name='gunSMG5']/property[@class='Action0']/property[@name='Magazine_items']/@value">ammo9mmBulletBall,ammo9mmBulletHP,ammo9mmBulletAP,ammo9mmBulletSteel</set>

	<set xpath="/items/item[@name='gun44Magnum']/property[@class='Action0']/property[@name='Magazine_items']/@value">ammo44MagnumBulletBall,ammo44MagnumBulletHP,ammo44MagnumBulletAP,ammo44MagnumBulletSteel</set>

</configs>