<configs>
<append xpath="/recipes">
	<recipe name="resourceBulletCasingSteel" count="1" craft_area="forge" craft_tool="toolForgeCrucible" material_based="true">
		<ingredient name="unit_iron" count="2"/>
		<ingredient name="unit_clay" count="1"/>
	</recipe>
	
	<recipe name="ammo44MagnumBulletSteel" count="1" craft_area="workbench">
		<ingredient name="resourceBulletTip" count="1"/>
		<ingredient name="resourceGunPowder" count="3"/>
		<ingredient name="resourceBulletCasingSteel" count="1"/>
	</recipe>

	<recipe name="ammo762mmBulletFMJSteel" count="1" craft_area="workbench">
		<ingredient name="resourceBulletTip" count="1"/>
		<ingredient name="resourceGunPowder" count="3"/>
		<ingredient name="resourceBulletCasingSteel" count="1"/>
	</recipe>

	<recipe name="ammo9mmBulletSteel" count="1" craft_area="workbench">
		<ingredient name="resourceBulletTip" count="1"/>
		<ingredient name="resourceGunPowder" count="1"/>
		<ingredient name="resourceBulletCasingSteel" count="1"/>
	</recipe>
</append>
</configs>